Date,sxxp
7/16/19,436.21269
7/15/19,436.56772
7/12/19,435.90258
7/11/19,435.19218
7/10/19,435.89218
7/9/19,434.81953
7/8/19,437.27285
7/5/19,437.66441
7/4/19,443.27561
7/3/19,442.8695
7/2/19,440.1702
7/1/19,438.06038
6/28/19,437.17383
6/27/19,434.41989
6/26/19,435.05826
6/25/19,435.65742
6/24/19,437.09843
6/21/19,436.35632
6/20/19,436.05187
6/19/19,431.51955
6/18/19,430.99208
6/17/19,424.8592
6/14/19,424.60813
6/13/19,428.86011
6/12/19,428.99228
6/11/19,431.51028
6/10/19,428.05033
6/7/19,428.06232
6/6/19,422.36949
6/5/19,420.27888
6/4/19,419.06742
6/3/19,415.54158
5/31/19,411.94477
5/30/19,414.33715
5/29/19,412.52583
5/28/19,419.69235
5/27/19,421.57616
5/24/19,421.18475
5/23/19,417.97198
5/22/19,423.06228
5/21/19,423.522
5/20/19,421.54733
5/17/19,425.91776
5/16/19,427.94498
5/15/19,423.65404
5/14/19,421.87714
5/13/19,418.58239
5/10/19,423.79222
5/9/19,421.63187
5/8/19,427.67715
5/7/19,426.4827
5/6/19,433.50009
5/3/19,437.05825
5/2/19,434.64535
5/1/19,439.66338
4/30/19,438.97729
4/29/19,437.53489
4/26/19,436.48446
4/25/19,434.51005
4/24/19,436.29458
4/23/19,438.85989
4/18/19,438.48658
4/17/19,440.08086
4/16/19,439.18456
4/15/19,438.82467
4/12/19,437.87015
4/11/19,435.58328
4/10/19,436.02037
4/9/19,434.66136
4/8/19,436.60752
4/5/19,435.39995
4/4/19,435.15135
4/3/19,437.30165
4/2/19,431.11809
4/1/19,429.9406
3/29/19,425.37689
3/28/19,423.37974
3/27/19,424.59091
3/26/19,425.59476
3/25/19,423.62926
3/22/19,424.80109
3/21/19,432.19736
3/20/19,432.55807
3/19/19,436.32287
3/18/19,432.85421
3/15/19,431.4052
3/14/19,427.68975
3/13/19,424.54068
3/12/19,421.39925
3/11/19,419.85497
3/8/19,416.52068
3/7/19,419.6803
3/6/19,424.59278
3/5/19,424.36051
3/4/19,425.05199
3/1/19,425.32376
2/28/19,424.32096
2/27/19,423.5862
2/26/19,425.20232
2/25/19,422.34986
2/22/19,421.19756
2/21/19,419.63749
2/20/19,422.20144
2/19/19,418.70716
2/18/19,418.25816
2/15/19,415.90606
2/14/19,410.98486
2/13/19,411.54017
2/12/19,410.66696
2/11/19,407.01835
2/8/19,405.69331
2/7/19,408.65479
2/6/19,415.81555
2/5/19,416.41709
2/4/19,411.42455
2/1/19,412.5514
1/31/19,410.67715
1/30/19,409.38257
1/29/19,408.24244
1/28/19,405.23353
1/25/19,408.1523
1/24/19,401.87153
1/23/19,404.32618
1/22/19,403.70182
1/21/19,405.11005
1/18/19,405.53739
1/17/19,399.37625
1/16/19,399.6726
1/15/19,397.18069
1/14/19,398.83723
1/11/19,400.98636
1/10/19,401.42133
1/9/19,401.00241
1/8/19,396.13659
1/7/19,393.24907
1/4/19,391.65923
1/3/19,380.63541
1/2/19,382.22753
12/31/18,386.67678
12/28/18,384.68074
12/27/18,376.90769
12/24/18,382.50884
12/21/18,383.33246
12/20/18,385.68702
12/19/18,390.1866
12/18/18,386.76256
12/17/18,389.63443
12/14/18,392.38202
12/13/18,396.83629
12/12/18,398.195
12/11/18,389.57734
12/10/18,385.09264
12/7/18,393.64027
12/6/18,390.9271
12/5/18,402.09645
12/4/18,406.56715
12/3/18,410.04765
11/30/18,404.49993
11/29/18,407.26713
11/28/18,405.42322
11/27/18,403.3259
11/26/18,406.31039
11/23/18,401.23633
11/22/18,402.21186
11/21/18,404.63777
11/20/18,399.36586
11/19/18,406.88504
11/16/18,408.21865
11/15/18,405.56354
11/14/18,409.11151
11/13/18,411.05188
11/12/18,407.10274
11/9/18,414.45657
11/8/18,418.21424
11/7/18,420.0295
11/6/18,413.74206
11/5/18,414.20825
11/2/18,414.43226
11/1/18,414.31059
10/31/18,408.83627
10/30/18,403.491
10/29/18,404.85479
10/26/18,401.52666
10/25/18,403.7856
10/24/18,402.48051
10/23/18,406.53169
10/22/18,412.58581
10/19/18,416.14848
10/18/18,414.90782
10/17/18,419.08891
10/16/18,422.87741
10/15/18,416.2247
10/12/18,415.05389
10/11/18,416.29487
10/10/18,423.40053
10/9/18,428.12364
10/8/18,427.29708
10/5/18,433.36083
10/4/18,436.78387
10/3/18,441.99176
10/2/18,441.17889
10/1/18,444.18019
9/28/18,445.02525
9/27/18,451.02137
9/26/18,452.49901
9/25/18,451.9537
9/24/18,449.58771
9/21/18,451.23332
9/20/18,449.89635
9/19/18,443.93063
9/18/18,441.56131
9/17/18,442.47138
9/14/18,439.74183
9/13/18,439.73771
9/12/18,438.50633
9/11/18,434.90923
9/10/18,435.62915
9/7/18,432.1155
9/6/18,434.15888
9/5/18,436.57773
9/4/18,439.84314
9/3/18,444.36187
8/31/18,443.23047
8/30/18,449.21415
8/29/18,452.49189
8/28/18,451.68203
8/27/18,450.65422
8/24/18,445.85014
8/23/18,442.99559
8/22/18,445.07918
8/21/18,444.03898
8/20/18,439.14326
8/17/18,434.75135
8/16/18,433.45705
8/15/18,430.73168
8/14/18,436.57626
8/13/18,438.56645
8/10/18,439.95757
8/9/18,450.78078
8/8/18,451.84555
8/7/18,452.69506
8/6/18,449.36869
8/3/18,451.23102
8/2/18,448.85038
8/1/18,454.86531
7/31/18,458.37951
7/30/18,458.00187
7/27/18,457.08686
7/26/18,455.47514
7/25/18,452.17584
7/24/18,453.47188
7/23/18,450.27111
7/20/18,451.52246
7/19/18,448.23913
7/18/18,451.04102
7/17/18,448.65569
7/16/18,449.56893
7/13/18,449.48402
7/12/18,449.02103
7/11/18,446.238
7/10/18,453.18712
7/9/18,451.77787
7/6/18,449.12006
7/5/18,446.38398
7/4/18,443.40434
7/3/18,442.47865
7/2/18,437.03
6/29/18,443.64426
6/28/18,436.52852
6/27/18,440.11925
6/26/18,439.79805
6/25/18,440.84686
6/22/18,448.45965
6/21/18,442.0526
6/20/18,445.35368
6/19/18,443.37397
6/18/18,447.84856
6/15/18,451.58537
6/14/18,457.26274
6/13/18,457.78558
6/12/18,456.27782
6/11/18,457.30367
6/8/18,453.40178
6/7/18,455.71795
6/6/18,455.62858
6/5/18,453.24163
6/4/18,453.54535
6/1/18,451.33052
5/31/18,447.06933
5/30/18,449.63554
5/29/18,443.90906
5/28/18,453.32168
5/25/18,456.03839
5/24/18,458.18153
5/23/18,459.04379
5/22/18,467.7541
5/21/18,465.97858
5/18/18,465.07913
5/17/18,467.2301
5/16/18,464.49897
5/15/18,465.58624
5/14/18,469.68674
5/11/18,469.23192
5/10/18,466.87547
5/9/18,465.23762
5/8/18,463.32
5/7/18,464.80228
5/4/18,463.00399
5/3/18,461.08246
5/2/18,463.64945
5/1/18,462.69055
4/30/18,466.27573
4/27/18,465.8375
4/26/18,465.33525
4/25/18,463.23715
4/24/18,468.96495
4/23/18,468.16932
4/20/18,469.54865
4/19/18,471.51727
4/18/18,473.12454
4/17/18,470.44133
4/16/18,467.75544
4/13/18,468.00864
4/12/18,467.23659
4/11/18,465.52275
4/10/18,466.97028
4/9/18,462.29454
4/6/18,460.12903
4/5/18,460.23267
4/4/18,451.5955
4/3/18,452.73817
3/29/18,455.83632
3/28/18,455.8884
3/27/18,456.3014
3/26/18,451.94119
3/23/18,452.22668
3/22/18,454.16524
3/21/18,460.45088
3/20/18,460.52393
3/19/18,461.42006
3/16/18,464.16782
3/15/18,464.88148
3/14/18,463.98825
3/13/18,465.26966
3/12/18,467.51568
3/9/18,465.91603
3/8/18,463.95818
3/7/18,462.19767
3/6/18,460.23884
3/5/18,457.43106
3/2/18,451.89965
3/1/18,457.77903
2/28/18,463.49027
2/27/18,468.31453
2/26/18,471.47025
2/23/18,469.0555
2/22/18,469.18742
2/21/18,469.78197
2/20/18,469.70154
2/19/18,469.50931
2/16/18,473.52934
2/15/18,469.58327
2/14/18,465.09135
2/13/18,457.77747
2/12/18,457.77158
2/9/18,450.22025
2/8/18,458.18675
2/7/18,466.41951
2/6/18,461.92409
2/5/18,474.7878
2/2/18,483.88448
2/1/18,491.03617
1/31/18,490.96359
1/30/18,491.42647
1/29/18,494.63256
1/26/18,498.26902
1/25/18,497.88115
1/24/18,496.65897
1/23/18,494.65068
1/22/18,492.34348
1/19/18,490.3965
1/18/18,487.60692
1/17/18,487.59284
1/16/18,487.73974
1/15/18,488.17719
1/12/18,483.56762
1/11/18,478.20955
1/10/18,476.7256
1/9/18,476.97113
1/8/18,477.2155
1/5/18,478.68755
1/4/18,475.3686
1/3/18,469.31759
1/2/18,467.76757
12/29/17,467.8722
12/28/17,465.61716
12/27/17,464.70355
12/22/17,462.59888
12/21/17,463.67089
12/20/17,461.26705
12/19/17,462.53756
12/18/17,462.94614
12/15/17,456.70554
12/14/17,458.44711
12/13/17,459.58041
12/12/17,459.14701
12/11/17,458.76776
12/8/17,457.6023
12/7/17,455.84788
12/6/17,455.58718
12/5/17,456.58524
12/4/17,458.91947
12/1/17,457.15468
11/30/17,459.81308
11/29/17,459.7714
11/28/17,459.39274
11/27/17,458.07227
11/24/17,461.17226
11/23/17,458.69849
11/22/17,456.53727
11/21/17,455.74583
11/20/17,453.89233
11/17/17,452.96076
11/16/17,453.17809
11/15/17,450.63641
11/14/17,452.26385
11/13/17,450.34342
11/10/17,453.17367
11/9/17,454.04148
11/8/17,457.32533
11/7/17,457.1231
11/6/17,460.52031
11/3/17,459.54842
11/2/17,460.34206
11/1/17,461.36416
10/31/17,460.35226
10/30/17,458.11733
10/27/17,455.98537
10/26/17,457.08161
10/25/17,457.31667
10/24/17,458.00781
10/23/17,458.92413
10/20/17,459.72919
10/19/17,460.51169
10/18/17,461.53177
10/17/17,458.61082
10/16/17,462.29435
10/13/17,462.93243
10/12/17,461.89638
10/11/17,462.17169
10/10/17,460.46683
10/9/17,458.49675
10/6/17,456.61463
10/5/17,457.85703
10/4/17,459.22752
10/3/17,459.21322
10/2/17,458.12966
9/29/17,458.14525
9/28/17,455.28662
9/27/17,453.18062
9/26/17,452.46415
9/25/17,454.72955
9/22/17,457.75629
9/21/17,456.8907
9/20/17,458.52879
9/19/17,457.55049
9/18/17,455.81913
9/15/17,454.75809
9/14/17,453.71924
9/13/17,453.07005
9/12/17,456.29275
9/11/17,454.17771
9/8/17,451.58833
9/7/17,449.52756
9/6/17,446.01017
9/5/17,444.82701
9/4/17,444.85071
9/1/17,446.02681
8/31/17,444.20683
8/30/17,441.6503
8/29/17,442.69347
8/28/17,445.89173
8/25/17,444.65701
8/24/17,442.0716
8/23/17,441.26299
8/22/17,442.09112
8/21/17,440.70413
8/18/17,439.64758
8/17/17,442.48307
8/16/17,443.61112
8/15/17,441.89805
8/14/17,443.60549
8/11/17,439.90669
8/10/17,442.12199
8/9/17,446.0841
8/8/17,449.69028
8/7/17,450.35159
8/4/17,449.62576
8/3/17,449.75202
8/2/17,449.35808
8/1/17,448.89693
7/31/17,446.27864
7/28/17,444.20899
7/27/17,445.93805
7/26/17,445.0118
7/25/17,443.71128
7/24/17,441.34787
7/21/17,443.49466
7/20/17,446.86544
7/19/17,444.18063
7/18/17,442.339
7/17/17,443.80579
7/14/17,443.27996
7/13/17,439.85207
7/12/17,439.59429
7/11/17,433.7476
7/10/17,434.91694
7/7/17,433.70934
7/6/17,434.45106
7/5/17,434.23406
7/4/17,433.94873
7/3/17,435.43874
6/30/17,432.97498
6/29/17,435.09438
6/28/17,438.986
6/27/17,436.62058
6/26/17,435.26914
6/23/17,434.01811
6/22/17,433.44407
6/21/17,433.06095
6/20/17,432.99613
6/19/17,437.36585
6/16/17,434.80454
6/15/17,430.36854
6/14/17,436.91893
6/13/17,435.47775
6/12/17,432.93708
6/9/17,437.15872
6/8/17,436.31498
6/7/17,438.41127
6/6/17,438.8538
6/5/17,441.16261
6/2/17,442.40385
6/1/17,439.05086
5/31/17,438.23176
5/30/17,436.38375
5/29/17,437.18275
5/26/17,437.4119
5/25/17,439.90265
5/24/17,438.59119
5/23/17,438.74878
5/22/17,439.40668
5/19/17,438.13884
5/18/17,433.01279
5/17/17,435.65173
5/16/17,438.50992
5/15/17,434.53748
5/12/17,431.9884
5/11/17,428.58361
5/10/17,430.86186
5/9/17,431.27458
5/8/17,430.76453
5/5/17,433.59946
5/4/17,430.15885
5/3/17,425.07523
5/2/17,424.82142
5/1/17,421.59226
4/28/17,421.96681
4/27/17,421.7604
4/26/17,422.74388
4/25/17,423.62776
4/24/17,418.59878
4/21/17,404.32372
4/20/17,406.26328
4/19/17,404.02404
4/18/17,402.99558
4/13/17,404.25208
4/12/17,404.89038
4/11/17,404.43198
4/10/17,404.125
4/7/17,404.09747
4/6/17,405.52005
4/5/17,404.68182
4/4/17,405.14998
4/3/17,404.36107
3/31/17,407.70546
3/30/17,407.24438
3/29/17,406.9576
3/28/17,408.72909
3/27/17,407.41086
3/24/17,406.7814
3/23/17,406.65932
3/22/17,404.36383
3/21/17,406.0617
3/20/17,405.1751
3/17/17,406.54267
3/16/17,404.73769
3/15/17,398.61877
3/14/17,396.65187
3/13/17,399.32878
3/10/17,398.19909
3/9/17,394.51762
3/8/17,392.58755
3/7/17,393.67552
3/6/17,394.84501
3/3/17,396.31793
3/2/17,394.61587
3/1/17,396.87892
2/28/17,392.75059
2/27/17,391.83901
2/24/17,391.06357
2/23/17,393.9906
2/22/17,393.80389
2/21/17,393.71296
2/20/17,393.67344
2/17/17,392.95151
2/16/17,394.26753
2/15/17,393.16385
2/14/17,391.1163
2/13/17,392.18975
2/10/17,390.68253
2/9/17,390.8881
2/8/17,389.30662
2/7/17,387.84161
2/6/17,388.1776
2/3/17,392.61309
2/2/17,390.47166
2/1/17,390.54896
1/31/17,388.35341
1/30/17,387.67471
1/27/17,391.40375
1/26/17,392.74725
1/25/17,393.64434
1/24/17,389.31734
1/23/17,387.25543
1/20/17,387.05415
1/19/17,385.78212
1/18/17,387.86768
1/17/17,387.75316
1/16/17,384.89339
1/13/17,389.25038
1/12/17,386.0369
1/11/17,385.29791
1/10/17,384.49433
1/9/17,384.43556
1/6/17,385.54975
1/5/17,387.50527
1/4/17,382.50027
1/3/17,381.32582
1/2/17,380.10419
12/30/16,381.18967
12/29/16,377.26427
12/28/16,375.41275
12/27/16,376.91789
12/23/16,376.1071
12/22/16,375.72404
12/21/16,375.95591
12/20/16,375.70054
12/19/16,375.5558
12/16/16,376.07689
12/15/16,373.60803
12/14/16,379.01966
12/13/16,379.808
12/12/16,376.45011
12/9/16,374.57052
12/8/16,373.39436
12/7/16,373.56888
12/6/16,369.10338
12/5/16,367.44541
12/2/16,362.2668
12/1/16,362.16375
11/30/16,362.4752
11/29/16,362.32756
11/28/16,359.71005
11/25/16,362.75728
11/24/16,360.81212
11/23/16,359.75089
11/22/16,362.33375
11/21/16,360.84794
11/18/16,359.27825
11/17/16,362.26216
11/16/16,362.02751
11/15/16,364.02043
11/14/16,363.56343
11/11/16,366.525
11/10/16,369.07421
11/9/16,371.71816
11/8/16,369.17129
11/7/16,368.65951
11/4/16,365.4612
11/3/16,368.46263
11/2/16,368.0205
11/1/16,370.74085
10/31/16,371.61281
10/28/16,372.8352
10/27/16,372.19053
10/26/16,372.92851
10/25/16,373.63754
10/24/16,374.48603
10/21/16,374.38095
10/20/16,376.82541
10/19/16,376.90435
10/18/16,376.38552
10/17/16,371.19574
10/14/16,373.77502
10/13/16,370.52448
10/12/16,373.43168
10/11/16,376.53417
10/10/16,381.10251
10/7/16,379.30995
10/6/16,382.6214
10/5/16,385.71052
10/4/16,387.42434
10/3/16,385.03541
9/30/16,385.03058
9/29/16,384.63466
9/28/16,383.98671
9/27/16,381.65916
9/26/16,382.602
9/23/16,387.88589
9/22/16,390.57721
9/21/16,382.15111
9/20/16,380.7265
9/19/16,381.43748
9/16/16,377.10847
9/15/16,382.61023
9/14/16,380.85787
9/13/16,380.55192
9/12/16,384.52963
9/9/16,387.50068
9/8/16,392.81034
9/7/16,393.63667
9/6/16,392.82799
9/5/16,391.04649
9/2/16,391.19617
9/1/16,384.83047
8/31/16,383.31077
8/30/16,384.43073
8/29/16,383.56032
8/26/16,386.16942
8/25/16,385.73016
8/24/16,388.70162
8/23/16,388.88648
8/22/16,385.36676
8/19/16,385.03848
8/18/16,388.51703
8/17/16,383.81183
8/16/16,386.88731
8/15/16,386.95311
8/12/16,386.51331
8/11/16,386.80323
8/10/16,384.12247
8/9/16,382.6871
8/8/16,378.31278
8/5/16,378.52214
8/4/16,376.28619
8/3/16,374.97709
8/2/16,376.49798
8/1/16,379.65761
7/29/16,381.44667
7/28/16,375.99697
7/27/16,376.70553
7/26/16,374.97649
7/25/16,374.57979
7/22/16,373.23991
7/21/16,374.91046
7/20/16,375.09549
7/19/16,371.52425
7/18/16,374.97477
7/15/16,373.8071
7/14/16,376.17505
7/13/16,373.07355
7/12/16,372.97959
7/11/16,367.75542
7/8/16,361.88543
7/7/16,356.39357
7/6/16,353.47296
7/5/16,359.50453
7/4/16,367.63874
7/1/16,370.01569
6/30/16,365.27612
6/29/16,362.3386
6/28/16,350.04851
6/27/16,340.79825
6/24/16,359.52287
6/23/16,393.1998
6/22/16,385.794
6/21/16,382.85104
6/20/16,382.0736
6/17/16,367.05633
6/16/16,360.0697
6/15/16,363.69539
6/14/16,359.41029
6/13/16,368.76112
6/10/16,375.46718
6/9/16,386.26087
6/8/16,392.76394
6/7/16,392.97047
6/6/16,389.5941
6/3/16,386.54505
6/2/16,384.15686
6/1/16,384.51969
5/31/16,387.02455
5/30/16,389.84588
5/27/16,389.39407
5/26/16,389.94182
5/25/16,388.9581
5/24/16,383.65939
5/23/16,377.42949
5/20/16,379.01061
5/19/16,374.24633
5/18/16,380.824
5/17/16,379.3047
5/16/16,379.18214
5/13/16,377.98759
5/12/16,379.27905
5/11/16,382.67477
5/10/16,382.70837
5/9/16,379.5709
5/6/16,378.93298
5/5/16,379.85983
5/4/16,381.47046
5/3/16,386.80001
5/2/16,393.24498
4/29/16,390.65312
4/28/16,395.54793
4/27/16,394.43757
4/26/16,392.28664
4/25/16,390.56969
4/22/16,391.07666
4/21/16,394.96678
4/20/16,397.29453
4/19/16,397.29542
4/18/16,389.8065
4/15/16,387.28414
4/14/16,387.50474
4/13/16,387.21182
4/12/16,380.68646
4/11/16,379.93782
4/8/16,378.5527
4/7/16,373.24656
4/6/16,377.43697
4/5/16,373.95974
4/4/16,381.15136
4/1/16,379.52448
3/31/16,384.15427
3/30/16,386.18164
3/29/16,379.39394
3/24/16,374.84286
3/23/16,380.33429
3/22/16,381.85063
3/21/16,383.38842
3/18/16,385.27802
3/17/16,385.58162
3/16/16,377.9303
3/15/16,378.72955
3/14/16,382.05561
3/11/16,381.79179
3/10/16,373.3199
3/9/16,374.03751
3/8/16,371.86921
3/7/16,375.73895
3/4/16,375.91164
3/3/16,371.52913
3/2/16,370.05474
3/1/16,367.78218
2/29/16,363.138
2/26/16,362.20745
2/25/16,360.53281
2/24/16,353.02155
2/23/16,361.24634
2/22/16,365.9311
2/19/16,363.21717
2/18/16,365.58346
2/17/16,366.41416
2/16/16,356.79607
2/15/16,358.95546
2/12/16,351.33629
2/11/16,343.95614
2/10/16,353.92685
2/9/16,349.95103
2/8/16,350.98294
2/5/16,363.02001
2/4/16,368.11257
2/3/16,364.54724
2/2/16,365.03769
2/1/16,372.04745
1/29/16,371.12336
1/28/16,366.53711
1/27/16,369.90893
1/26/16,367.82848
1/25/16,364.21404
1/22/16,365.86867
1/21/16,356.23624
1/20/16,352.03737
1/19/16,363.8259
1/18/16,357.95469
1/15/16,361.20778
1/14/16,368.64406
1/13/16,373.92355
1/12/16,372.01616
1/11/16,370.20426
1/8/16,371.66188
1/7/16,376.37916
1/6/16,381.10343
1/5/16,385.65245
1/4/16,385.83479
12/31/15,397.48915
12/30/15,401.19747
12/29/15,404.13418
12/28/15,400.02777
12/24/15,401.14986
12/23/15,398.7056
12/22/15,391.52208
12/21/15,389.72208
12/18/15,391.46495
12/17/15,394.78531
12/16/15,393.80582
12/15/15,392.80519
12/14/15,385.01831
12/11/15,391.15553
12/10/15,397.60599
12/9/15,400.71826
12/8/15,398.26518
12/7/15,404.17805
12/4/15,402.79427
12/3/15,405.67432
12/2/15,406.64395
12/1/15,407.90918
11/30/15,407.01408
11/27/15,406.6902
11/26/15,407.97032
11/25/15,404.56633
11/24/15,399.94391
11/23/15,403.95294
11/20/15,406.60635
11/19/15,408.6177
11/18/15,403.60712
11/17/15,404.45824
11/16/15,396.36242
11/13/15,396.35788
11/12/15,401.58242
11/11/15,406.31796
11/10/15,402.79704
11/9/15,404.33412
11/6/15,407.95232
11/5/15,411.52274
11/4/15,412.83197
11/3/15,414.64472
11/2/15,415.21618
10/30/15,413.69285
10/29/15,412.03019
10/28/15,415.85589
10/27/15,410.48114
10/26/15,415.50881
10/23/15,415.69978
10/22/15,412.05786
10/21/15,411.45134
10/20/15,411.70298
10/19/15,412.40385
10/16/15,413.27825
10/15/15,411.5647
10/14/15,407.22455
10/13/15,408.29733
10/12/15,411.68084
10/9/15,412.88916
10/8/15,407.9684
10/7/15,405.7936
10/6/15,405.92978
10/5/15,400.86377
10/2/15,391.06421
10/1/15,387.63911
9/30/15,388.87641
9/29/15,382.0069
9/28/15,383.85637
9/25/15,390.70461
9/24/15,382.25356
9/23/15,387.70428
9/22/15,385.63571
9/21/15,401.23478
9/18/15,403.26706
9/17/15,408.31178
9/16/15,409.23878
9/15/15,402.15997
9/14/15,400.2738
9/11/15,403.56434
9/10/15,404.72464
9/9/15,405.96732
9/8/15,401.5056
9/7/15,396.28729
9/4/15,393.50578
9/3/15,402.70221
9/2/15,397.56171
9/1/15,397.74232
8/31/15,406.46992
8/28/15,406.29235
8/27/15,407.04657
8/26/15,398.63439
8/25/15,407.07003
8/24/15,394.30333
8/21/15,410.48634
8/20/15,418.02874
8/19/15,421.6526
8/18/15,428.1462
8/17/15,429.04535
8/14/15,430.23274
8/13/15,430.73399
8/12/15,427.99132
8/11/15,433.71886
8/10/15,440.80155
8/7/15,435.14901
8/6/15,437.76475
8/5/15,439.19309
8/4/15,437.10975
8/3/15,437.82618
7/31/15,436.12591
7/30/15,432.41671
7/29/15,434.79003
7/28/15,430.8941
7/27/15,428.86178
7/24/15,433.23579
7/23/15,437.63133
7/22/15,436.42528
7/21/15,441.31536
7/20/15,441.01188
7/17/15,440.44678
7/16/15,440.94567
7/15/15,437.91284
7/14/15,438.5283
7/13/15,436.93857
7/10/15,432.69552
7/9/15,419.28032
7/8/15,412.0324
7/7/15,407.74029
7/6/15,419.3881
7/3/15,424.52262
7/2/15,427.70642
7/1/15,428.71873
6/30/15,425.27504
6/29/15,433.05104
6/26/15,442.72586
6/25/15,444.19463
6/24/15,444.40242
6/23/15,445.61276
6/22/15,448.0257
6/19/15,437.33618
6/18/15,437.01183
6/17/15,432.28311
6/16/15,433.36786
6/15/15,432.12316
6/12/15,438.98701
6/11/15,441.732
6/10/15,441.73771
6/9/15,432.62149
6/8/15,432.90859
6/5/15,432.8014
6/4/15,443.22332
6/3/15,445.61922
6/2/15,443.03287
6/1/15,437.38238
5/29/15,438.77735
5/28/15,444.66519
5/27/15,444.94322
5/26/15,439.57165
5/25/15,446.60616
5/22/15,449.98186
5/21/15,454.04088
5/20/15,451.04492
5/19/15,451.20827
5/18/15,451.87196
5/15/15,453.22164
5/14/15,452.87282
5/13/15,449.67757
5/12/15,445.08633
5/11/15,447.81517
5/8/15,449.01954
5/7/15,438.26377
5/6/15,440.10236
5/5/15,437.9703
5/4/15,442.81144
5/1/15,441.11148
4/30/15,443.83891
4/29/15,442.75112
4/28/15,445.64853
4/27/15,449.82649
4/24/15,443.25823
4/23/15,440.73163
4/22/15,438.76447
4/21/15,439.96765
4/20/15,437.34456
4/17/15,435.13745
4/16/15,440.92789
4/15/15,439.69031
4/14/15,438.83103
4/13/15,437.70327
4/10/15,437.37546
4/9/15,436.48122
4/8/15,437.80165
4/7/15,438.74933
4/2/15,432.8064
4/1/15,429.60456
3/31/15,426.22344
3/30/15,432.62688
3/27/15,431.21771
3/26/15,428.74662
3/25/15,436.51135
3/24/15,439.51908
3/23/15,438.63557
3/20/15,438.22965
3/19/15,426.2827
3/18/15,424.68184
3/17/15,420.97114
3/16/15,423.79062
3/13/15,416.12321
3/12/15,419.43742
3/11/15,416.51954
3/10/15,417.67655
3/9/15,427.00434
3/6/15,427.92181
3/5/15,433.82743
3/4/15,432.52245
3/3/15,434.24037
3/2/15,437.38396
2/27/15,439.07909
2/26/15,437.37746
2/25/15,439.47539
2/24/15,438.9866
2/23/15,436.37266
2/20/15,435.52021
2/19/15,433.77759
2/18/15,431.45369
2/17/15,430.48144
2/16/15,427.61018
2/13/15,430.16146
2/12/15,426.8564
2/11/15,420.18198
2/10/15,421.86973
2/9/15,419.7961
2/6/15,422.66158
2/5/15,426.5612
2/4/15,424.75215
2/3/15,424.74819
2/2/15,416.23842
1/30/15,414.32604
1/29/15,416.88318
1/28/15,419.05343
1/27/15,418.58511
1/26/15,420.05592
1/23/15,416.85143
1/22/15,414.39812
1/21/15,414.5239
1/20/15,411.06261
1/19/15,410.00666
1/16/15,406.95152
1/15/15,404.23684
1/14/15,400.403
1/13/15,406.31144
1/12/15,401.93026
1/9/15,399.77119
1/8/15,404.555
1/7/15,394.1756
1/6/15,395.34544
1/5/15,398.21628
1/2/15,409.93733
12/31/14,414.4734
12/30/14,414.57801
12/29/14,419.04544
12/24/14,419.20191
12/23/14,418.92746
12/22/14,418.98164
12/19/14,416.5272
12/18/14,416.48902
12/17/14,408.80974
12/16/14,411.39599
12/15/14,402.1081
12/12/14,411.72062
12/11/14,420.3033
12/10/14,421.7069
12/9/14,421.99091
12/8/14,429.31322
12/5/14,431.44742
12/4/14,426.7395
12/3/14,429.86287
12/2/14,430.25248
12/1/14,431.84262
11/28/14,431.80538
11/27/14,433.38953
11/26/14,433.02314
11/25/14,431.46488
11/24/14,429.62624
11/21/14,427.68331
11/20/14,424.16929
11/19/14,425.63325
11/18/14,425.21076
11/17/14,419.8088
11/14/14,420.00738
11/13/14,418.64949
11/12/14,416.81845
11/11/14,422.44235
11/10/14,419.67222
11/7/14,416.81633
11/6/14,417.91178
11/5/14,420.18091
11/4/14,415.08896
11/3/14,417.31113
10/31/14,422.04408
10/30/14,416.99224
10/29/14,418.66845
10/28/14,418.15767
10/27/14,413.03955
10/24/14,414.19722
10/23/14,414.98629
10/22/14,412.9857
10/21/14,412.21814
10/20/14,405.6143
10/17/14,406.98623
10/16/14,397.61347
10/15/14,398.26058
10/14/14,407.05698
10/13/14,407.2879
10/10/14,406.49552
10/9/14,414.41356
10/8/14,415.8384
10/7/14,418.59142
10/6/14,423.192
10/3/14,419.42325
10/2/14,420.90658
10/1/14,428.9834
9/30/14,433.27573
9/29/14,432.955
9/26/14,434.34447
9/25/14,435.0287
9/24/14,440.32035
9/23/14,439.22608
9/22/14,444.87261
9/19/14,447.25572
9/18/14,449.43609
9/17/14,446.01949
9/16/14,444.49206
9/15/14,444.74441
9/12/14,446.6559
9/11/14,445.48538
9/10/14,444.73194
9/9/14,445.43409
9/8/14,447.63281
9/5/14,450.13791
9/4/14,451.70788
9/3/14,453.32508
9/2/14,449.85938
9/1/14,450.20947
8/29/14,449.559
8/28/14,449.33337
8/27/14,452.95527
8/26/14,452.36424
8/25/14,449.33911
8/22/14,445.857
8/21/14,448.17953
8/20/14,445.6137
8/19/14,446.80558
8/18/14,445.75632
8/15/14,441.36319
8/14/14,442.56738
8/13/14,441.26974
8/12/14,439.19664
8/11/14,440.8813
8/8/14,435.89926
8/7/14,436.4916
8/6/14,440.09411
8/5/14,443.98449
8/4/14,444.30395
8/1/14,445.78832
7/31/14,449.72262
7/30/14,455.47468
7/29/14,459.0183
7/28/14,458.79509
7/25/14,459.20466
7/24/14,463.81251
7/23/14,461.59242
7/22/14,461.16395
7/21/14,456.9422
7/18/14,459.18635
7/17/14,459.46438
7/16/14,463.96982
7/15/14,459.16826
7/14/14,462.52215
7/11/14,458.29867
7/10/14,457.36229
7/9/14,463.26349
7/8/14,462.62439
7/7/14,469.13488
7/4/14,472.96843
7/3/14,474.62227
7/2/14,471.92234
7/1/14,472.1889
6/30/14,468.00634
6/27/14,466.48128
6/26/14,465.33983
6/25/14,466.33777
6/24/14,469.52596
6/23/14,470.84308
6/20/14,472.84546
6/19/14,474.21512
6/18/14,469.87147
6/17/14,469.22589
6/16/14,468.87064
6/13/14,469.62042
6/12/14,471.2053
6/11/14,470.70086
6/10/14,473.71717
6/9/14,473.62155
6/6/14,473.68247
6/5/14,470.46286
6/4/14,467.51645
6/3/14,468.26628
6/2/14,469.13626
5/30/14,469.57778
5/29/14,468.84366
5/28/14,467.95897
5/27/14,469.03035
5/26/14,468.96501
5/23/14,465.75053
5/22/14,465.4923
5/21/14,465.00654
5/20/14,463.12625
5/19/14,464.09721
5/16/14,464.4841
5/15/14,463.98195
5/14/14,468.25157
5/13/14,468.3893
5/12/14,469.05867
5/9/14,465.76333
5/8/14,470.66412
5/7/14,467.75376
5/6/14,467.9357
5/5/14,467.46856
5/2/14,468.27046
5/1/14,469.4318
4/30/14,468.51827
4/29/14,466.97753
4/28/14,462.66981
4/25/14,461.4973
4/24/14,464.66611
4/23/14,463.00559
4/22/14,465.1014
4/17/14,459.38502
4/16/14,457.55714
4/15/14,451.3009
4/14/14,456.03361
4/11/14,456.89167
4/10/14,463.00647
4/9/14,462.82244
4/8/14,460.63464
4/7/14,460.20154
4/4/14,464.84619
4/3/14,462.74073
4/2/14,463.81784
4/1/14,464.09573
3/31/14,460.41173
3/28/14,459.02013
3/27/14,455.54244
3/26/14,456.31938
3/25/14,454.31374
3/24/14,450.12356
3/21/14,452.38464
3/20/14,451.43096
3/19/14,455.92991
3/18/14,456.54415
3/17/14,453.71828
3/14/14,447.8997
3/13/14,449.67351
3/12/14,455.94889
3/11/14,459.57774
3/10/14,459.78436
3/7/14,462.12075
3/6/14,467.43635
3/5/14,462.95191
3/4/14,463.00809
3/3/14,453.7825
2/28/14,466.73802
2/27/14,462.34863
2/26/14,461.70344
2/25/14,465.35393
2/24/14,464.5716
2/21/14,461.61961
2/20/14,458.68208
2/19/14,460.60949
2/18/14,460.20884
2/17/14,458.24683
2/14/14,456.48174
2/13/14,453.13316
2/12/14,451.022
2/11/14,449.76185
2/10/14,443.77426
2/7/14,442.80509
2/6/14,438.99948
2/5/14,430.40353
2/4/14,429.39992
2/3/14,430.12446
1/31/14,435.56326
1/30/14,438.16326
1/29/14,440.38474
1/28/14,442.98179
1/27/14,440.49116
1/24/14,444.35543
1/23/14,454.95358
1/22/14,455.39491
1/21/14,454.9548
1/20/14,454.938
1/17/14,454.43162
1/16/14,453.99261
1/15/14,454.73289
1/14/14,453.22201
1/13/14,451.56509
1/10/14,450.81069
1/9/14,446.0793
1/8/14,447.47075
1/7/14,448.93926
1/6/14,445.96802
1/3/14,445.75422
1/2/14,445.55885
12/31/13,452.63771
12/30/13,451.4394
12/27/13,451.14982
12/24/13,443.58412
12/23/13,443.02566
12/20/13,439.25529
12/19/13,436.51476
12/18/13,431.92464
12/17/13,428.23804
12/16/13,431.12954
12/13/13,424.91505
12/12/13,426.51795
12/11/13,432.44799
12/10/13,433.59958
12/9/13,435.22494
12/6/13,433.4784
12/5/13,429.64127
12/4/13,431.25606
12/3/13,434.0168
12/2/13,439.18791
11/29/13,441.76238
11/28/13,442.12832
11/27/13,439.72228
11/26/13,436.86077
11/25/13,438.09685
11/22/13,436.9983
11/21/13,433.94508
11/20/13,433.95875
11/19/13,436.61722
11/18/13,438.60476
11/15/13,435.4363
11/14/13,434.3777
11/13/13,430.28583
11/12/13,432.40226
11/11/13,433.68087
11/8/13,431.37982
11/7/13,433.28982
11/6/13,437.24148
11/5/13,433.55364
11/4/13,435.72975
11/1/13,433.86425
10/31/13,438.39096
10/30/13,441.7416
10/29/13,440.89837
10/28/13,440.60866
10/25/13,441.56415
10/24/13,442.25255
10/23/13,439.85531
10/22/13,442.52134
10/21/13,437.0029
10/18/13,436.04912
10/17/13,431.69188
10/16/13,426.30805
10/15/13,424.94404
10/14/13,423.86987
10/11/13,421.88878
10/10/13,419.57414
10/9/13,412.26114
10/8/13,416.50462
10/7/13,419.71185
10/4/13,419.96293
10/3/13,421.73092
10/2/13,422.14606
10/1/13,423.14315
9/30/13,420.08343
9/27/13,422.16101
9/26/13,421.73185
9/25/13,423.45346
9/24/13,422.60076
9/23/13,422.50593
9/20/13,425.01834
9/19/13,425.79008
9/18/13,418.47942
9/17/13,416.60922
9/16/13,418.07094
9/13/13,413.89919
9/12/13,413.62601
9/11/13,413.50149
9/10/13,410.7948
9/9/13,405.48267
9/6/13,402.95004
9/5/13,399.79591
9/4/13,399.36091
9/3/13,397.47444
9/2/13,399.72933
8/30/13,392.58133
8/29/13,397.37212
8/28/13,397.17674
8/27/13,400.31459
8/26/13,406.99842
8/23/13,407.91528
8/22/13,405.48209
8/21/13,402.03581
8/20/13,405.6195
8/19/13,406.59366
8/16/13,408.04088
8/15/13,404.91137
8/14/13,409.10667
8/13/13,407.91409
8/12/13,407.33126
8/9/13,408.18906
8/8/13,407.31405
8/7/13,403.58517
8/6/13,403.62465
8/5/13,404.14619
8/2/13,403.81995
8/1/13,400.76741
7/31/13,397.72241
7/30/13,396.86452
7/29/13,396.61337
7/26/13,396.95248
7/25/13,396.38053
7/24/13,397.63266
7/23/13,395.62013
7/22/13,396.15576
7/19/13,393.97292
7/18/13,392.23596
7/17/13,390.28086
7/16/13,388.15546
7/15/13,388.11064
7/12/13,387.31112
7/11/13,386.15439
7/10/13,378.89888
7/9/13,376.82674
7/8/13,376.22172
7/5/13,369.98822
7/4/13,377.51623
7/3/13,371.4691
7/2/13,373.81455
7/1/13,376.33377
6/28/13,370.66851
6/27/13,373.31983
6/26/13,370.10118
6/25/13,366.36593
6/24/13,361.00434
6/21/13,368.50168
6/20/13,375.56395
6/19/13,391.82087
6/18/13,392.50029
6/17/13,390.9609
6/14/13,387.78516
6/13/13,387.16268
6/12/13,387.76712
6/11/13,387.37237
6/10/13,390.66463
6/7/13,390.57788
6/6/13,386.51842
6/5/13,386.28257
6/4/13,391.59409
6/3/13,390.67516
5/31/13,390.27145
5/30/13,396.01133
5/29/13,391.314
5/28/13,396.53789
5/27/13,393.51162
5/24/13,391.89787
5/23/13,393.15027
5/22/13,399.63615
5/21/13,400.32109
5/20/13,398.7979
5/17/13,396.02602
5/16/13,397.21971
5/15/13,396.19597
5/14/13,395.95196
5/13/13,395.0673
5/10/13,395.69403
5/9/13,398.26389
5/8/13,399.96376
5/7/13,394.79662
5/6/13,393.51828
5/3/13,394.57313
5/2/13,389.29937
5/1/13,391.65067
4/30/13,390.42418
4/29/13,389.13482
4/26/13,385.21919
4/25/13,386.15182
4/24/13,383.19578
4/23/13,380.74089
4/22/13,372.75526
4/19/13,372.71243
4/18/13,371.11884
4/17/13,369.55833
4/16/13,379.62198
4/15/13,379.62105
4/12/13,382.88471
4/11/13,387.1055
4/10/13,382.96478
4/9/13,376.85317
4/8/13,374.19088
4/5/13,373.55613
4/4/13,375.63497
4/3/13,378.6706
4/2/13,381.59915
3/28/13,376.68472
3/27/13,373.50437
3/26/13,377.5991
3/25/13,377.64735
3/22/13,381.4875
3/21/13,380.24911
3/20/13,383.7303
3/19/13,380.60929
3/18/13,384.6064
3/15/13,388.39715
3/14/13,388.31482
3/13/13,383.05957
3/12/13,384.66035
3/11/13,384.75331
3/8/13,383.91945
3/7/13,383.99094
3/6/13,381.10062
3/5/13,383.07828
3/4/13,375.817
3/1/13,376.93988
2/28/13,379.3285
2/27/13,376.16398
2/26/13,371.45992
2/25/13,380.45728
2/22/13,380.62383
2/21/13,376.0152
2/20/13,385.73501
2/19/13,388.29439
2/18/13,382.91063
2/15/13,383.71384
2/14/13,383.91186
2/13/13,387.80963
2/12/13,386.48234
2/11/13,382.98786
2/8/13,383.74257
2/7/13,380.42759
2/6/13,384.50033
2/5/13,387.9047
2/4/13,384.25865
2/1/13,393.99822
1/31/13,390.15965
1/30/13,391.78636
1/29/13,391.3244
1/28/13,389.42069
1/25/13,389.73134
1/24/13,386.3326
1/23/13,383.53435
1/22/13,382.7604
1/21/13,383.23663
1/18/13,382.35266
1/17/13,384.01454
1/16/13,379.96225
1/15/13,381.341
1/14/13,382.16656
1/11/13,383.53888
1/10/13,381.14544
1/9/13,376.67472
1/8/13,374.12875
1/7/13,375.7146
1/4/13,375.58937
1/3/13,376.06281
1/2/13,375.75108
12/31/12,369.0937
12/28/12,368.60292
12/27/12,370.6726
12/24/12,369.89535
12/21/12,369.98305
12/20/12,373.11644
12/19/12,373.04542
12/18/12,371.04858
12/17/12,367.31713
12/14/12,367.91392
12/13/12,365.47641
12/12/12,367.30163
12/11/12,364.60895
12/10/12,361.65384
12/7/12,361.24598
12/6/12,361.18343
12/5/12,362.36443
12/4/12,361.65341
12/3/12,360.48772
11/30/12,358.56916
11/29/12,358.42933
11/28/12,353.48341
11/27/12,353.05355
11/26/12,352.512
11/23/12,354.94634
11/22/12,349.37903
11/21/12,346.49711
11/20/12,345.10889
11/19/12,343.83612
11/16/12,334.43678
11/15/12,339.1487
11/14/12,341.77124
11/13/12,343.9326
11/12/12,342.65349
11/9/12,343.83749
11/8/12,344.63775
11/7/12,345.90125
11/6/12,352.07931
11/5/12,349.13506
11/2/12,352.5501
11/1/12,354.00358
10/31/12,350.5791
10/30/12,352.33684
10/29/12,347.57645
10/26/12,349.76943
10/25/12,350.32617
10/24/12,349.13621
10/23/12,348.27584
10/22/12,356.4454
10/19/12,356.9892
10/18/12,361.87865
10/17/12,361.63835
10/16/12,357.92871
10/15/12,350.30688
10/12/12,348.91185
10/11/12,350.49404
10/10/12,346.34032
10/9/12,347.8825
10/8/12,352.15328
10/5/12,357.76837
10/4/12,353.21739
10/3/12,350.2844
10/2/12,351.5306
10/1/12,351.224
9/28/12,345.69485
9/27/12,350.31984
9/26/12,348.20006
9/25/12,357.19026
9/24/12,354.74758
9/21/12,358.56916
9/20/12,355.2579
9/19/12,359.26681
9/18/12,357.0352
9/17/12,360.75812
9/14/12,362.074
9/13/12,351.63974
9/12/12,351.72641
9/11/12,350.61965
9/10/12,347.30133
9/7/12,348.24447
9/6/12,343.14638
9/5/12,334.65015
9/4/12,333.40662
9/3/12,338.21851
8/31/12,334.67773
8/30/12,331.239
8/29/12,334.48343
8/28/12,336.04797
8/27/12,336.84996
8/24/12,335.9648
8/23/12,336.67371
8/22/12,335.69891
8/21/12,340.12532
8/20/12,335.05815
8/17/12,336.07199
8/16/12,335.25504
8/15/12,332.07091
8/14/12,333.68404
8/13/12,331.60048
8/10/12,331.79047
8/9/12,331.94561
8/8/12,332.94656
8/7/12,333.79584
8/6/12,331.0988
8/3/12,328.54902
8/2/12,315.38819
8/1/12,322.9611
7/31/12,321.65423
7/30/12,323.64323
7/27/12,321.02124
7/26/12,315.05458
7/25/12,303.62291
7/24/12,302.01202
7/23/12,305.49863
7/20/12,314.27034
7/19/12,321.53789
7/18/12,317.60354
7/17/12,313.5822
7/16/12,314.77665
7/13/12,313.45723
7/12/12,308.47522
7/11/12,313.19999
7/10/12,313.26336
7/9/12,311.98391
7/6/12,312.45408
7/5/12,318.41335
7/4/12,322.76902
7/3/12,324.62027
7/2/12,320.86934
6/29/12,317.75517
6/28/12,304.00247
6/27/12,306.72283
6/26/12,303.11621
6/25/12,303.47644
6/22/12,309.7538
6/21/12,312.13944
6/20/12,316.88116
6/19/12,315.10428
6/18/12,306.98947
6/15/12,308.53491
6/14/12,304.64585
6/13/12,305.16474
6/12/12,303.93484
6/11/12,302.30323
6/8/12,302.21896
6/7/12,304.90142
6/6/12,301.35321
6/5/12,291.78304
6/4/12,291.77621
6/1/12,291.13546
5/31/12,296.40217
5/30/12,298.43874
5/29/12,304.93526
5/28/12,303.83916
5/25/12,303.47624
5/24/12,303.47609
5/23/12,300.82456
5/22/12,311.72634
5/21/12,306.98529
5/18/12,304.11813
5/17/12,307.23255
5/16/12,311.46336
5/15/12,313.81094
5/14/12,317.84858
5/11/12,326.09957
5/10/12,325.50093
5/9/12,323.42532
5/8/12,326.00458
5/7/12,332.83346
5/4/12,331.1264
5/3/12,338.52318
5/2/12,338.90541
5/1/12,341.61681
4/30/12,340.35571
4/27/12,343.48947
4/26/12,340.4042
4/25/12,339.2129
4/24/12,335.71753
4/23/12,330.6988
4/20/12,340.59215
4/19/12,336.64372
4/18/12,338.01244
4/17/12,340.50218
4/16/12,332.87719
4/13/12,331.54856
4/12/12,339.12327
4/11/12,333.78672
4/10/12,330.61413
4/5/12,338.42314
4/4/12,339.90714
4/3/12,352.29857
4/2/12,356.09756
3/30/12,351.05822
3/29/12,346.10628
3/28/12,351.41146
3/27/12,356.0179
3/26/12,357.35034
3/23/12,352.33159
3/22/12,349.99547
3/21/12,354.59067
3/20/12,355.87421
3/19/12,360.27509
3/16/12,358.72356
3/15/12,355.0109
3/14/12,351.83749
3/13/12,353.42012
3/12/12,348.25108
3/9/12,348.20419
3/8/12,350.35541
3/7/12,341.86257
3/6/12,338.97029
3/5/12,351.28277
3/2/12,353.01113
3/1/12,355.6438
2/29/12,353.05222
2/28/12,355.57672
2/27/12,353.86265
2/24/12,356.45985
2/23/12,351.62252
2/22/12,350.44945
2/21/12,353.37679
2/20/12,355.01702
2/17/12,349.77773
2/16/12,346.35182
2/15/12,345.01938
2/14/12,344.42621
2/13/12,347.62125
2/10/12,344.68006
2/9/12,350.56211
2/8/12,349.09317
2/7/12,349.41459
2/6/12,346.93366
2/3/12,347.65794
2/2/12,342.07066
2/1/12,342.13798
1/31/12,332.53931
1/30/12,331.53351
1/27/12,336.46396
1/26/12,339.03433
1/25/12,332.65876
1/24/12,333.41529
1/23/12,334.39571
1/20/12,330.83963
1/19/12,331.79632
1/18/12,325.7218
1/17/12,322.48869
1/16/12,318.24438
1/13/12,315.9104
1/12/12,320.2083
1/11/12,317.36111
1/10/12,320.4978
1/9/12,313.8898
1/6/12,314.88291
1/5/12,316.53551
1/4/12,323.35775
1/3/12,327.60819
1/2/12,319.61438
12/30/11,316.92384
12/29/11,313.79173
12/28/11,310.77076
12/27/11,316.27313
12/23/11,315.77242
12/22/11,312.88892
12/21/11,310.16176
12/20/11,312.13804
12/19/11,304.20225
12/16/11,304.10345
12/15/11,305.33678
12/14/11,302.03254
12/13/11,310.45959
12/12/11,311.65682
12/9/11,321.56187
12/8/11,316.93874
12/7/11,324.10906
12/6/11,324.10022
12/5/11,326.5473
12/2/11,322.40969
12/1/11,320.62596
11/30/11,322.85958
11/29/11,308.82944
11/28/11,305.9993
11/25/11,293.34111
11/24/11,293.45332
11/23/11,294.42228
11/22/11,301.90569
11/21/11,303.58333
11/18/11,313.75454
11/17/11,315.20438
11/16/11,320.52549
11/15/11,321.00973
11/14/11,324.81999
11/11/11,331.2993
11/10/11,320.38196
11/9/11,321.54057
11/8/11,331.4571
11/7/11,327.78347
11/4/11,330.72494
11/3/11,334.93838
11/2/11,326.10633
11/1/11,322.90192
10/31/11,339.55721
10/28/11,352.6338
10/27/11,353.77733
10/26/11,333.0264
10/25/11,334.43562
10/24/11,336.92996
10/21/11,331.06141
10/20/11,319.49236
10/19/11,326.32841
10/18/11,323.31989
10/17/11,325.29856
10/14/11,330.28865
10/13/11,325.11049
10/12/11,330.30388
10/11/11,320.94545
10/10/11,322.31763
10/7/11,310.68101
10/6/11,308.46969
10/5/11,298.36606
10/4/11,288.6564
10/3/11,296.67665
9/30/11,304.18948
9/29/11,310.98354
9/28/11,309.52327
9/27/11,312.58564
9/26/11,296.51891
9/23/11,291.20793
9/22/11,290.12299
9/21/11,309.62595
9/20/11,313.31716
9/19/11,306.77795
9/16/11,317.55175
9/15/11,317.12442
9/14/11,307.42674
9/13/11,302.81277
9/12/11,297.89805
9/9/11,307.32896
9/8/11,321.0908
9/7/11,321.79481
9/6/11,310.50562
9/5/11,315.39968
9/2/11,331.08613
9/1/11,341.50265
8/31/11,342.13663
8/30/11,332.60594
8/29/11,331.12014
8/26/11,326.4402
8/25/11,326.29959
8/24/11,331.17335
8/23/11,326.86845
8/22/11,323.56363
8/19/11,321.3072
8/18/11,324.6344
8/17/11,343.7204
8/16/11,342.20518
8/15/11,343.31269
8/12/11,338.06702
8/11/11,325.65695
8/10/11,317.1465
8/9/11,330.32772
8/8/11,325.54087
8/5/11,340.28456
8/4/11,344.41182
8/3/11,360.33889
8/2/11,364.963
8/1/11,373.09028
7/29/11,381.48255
7/28/11,382.13806
7/27/11,383.56392
7/26/11,391.56198
7/25/11,389.91074
7/22/11,390.75673
7/21/11,388.84205
7/20/11,380.23015
7/19/11,374.24691
7/18/11,368.61744
7/15/11,377.62427
7/14/11,379.00811
7/13/11,381.9651
7/12/11,375.66534
7/11/11,379.12853
7/8/11,390.46389
7/7/11,395.84918
7/6/11,393.82903
7/5/11,398.8497
7/4/11,400.33207
7/1/11,398.93641
6/30/11,395.91986
6/29/11,389.10556
6/28/11,380.73767
6/27/11,376.50466
6/24/11,374.16525
6/23/11,375.00303
6/22/11,386.42291
6/21/11,388.15568
6/20/11,380.1431
6/17/11,381.8928
6/16/11,377.7697
6/15/11,380.62298
6/14/11,391.9307
6/13/11,385.9213
6/10/11,385.43687
6/9/11,394.81293
6/8/11,392.8891
6/7/11,399.07797
6/6/11,397.43525
6/3/11,400.37921
6/2/11,397.39256
6/1/11,400.70017
5/31/11,403.7989
5/30/11,398.07131
5/27/11,399.57169
5/26/11,391.59882
5/25/11,391.23039
5/24/11,387.99697
5/23/11,385.8186
5/20/11,396.96317
5/19/11,400.54
5/18/11,396.67042
5/17/11,392.90576
5/16/11,397.7846
5/13/11,395.98185
5/12/11,401.05776
5/11/11,403.43569
5/10/11,406.15995
5/9/11,401.32337
5/6/11,405.17147
5/5/11,404.9067
5/4/11,413.57435
5/3/11,419.43679
5/2/11,422.31748
4/29/11,420.73223
4/28/11,418.78598
4/27/11,414.29322
4/26/11,411.55198
4/21/11,408.67284
4/20/11,404.52538
4/19/11,392.83223
4/18/11,388.76859
4/15/11,401.1421
4/14/11,401.24898
4/13/11,402.07125
4/12/11,400.13364
4/11/11,405.74956
4/8/11,406.2389
4/7/11,401.48732
4/6/11,403.29271
4/5/11,399.53829
4/4/11,398.41762
4/1/11,398.02043
3/31/11,391.5021
3/30/11,393.47973
3/29/11,389.35373
3/28/11,389.41553
3/25/11,388.58096
3/24/11,391.26248
3/23/11,385.74056
3/22/11,386.44524
3/21/11,387.36219
3/18/11,379.0979
3/17/11,374.17908
3/16/11,364.16802
3/15/11,372.23546
3/14/11,381.24149
3/11/11,382.22788
3/10/11,384.03016
3/9/11,390.8263
3/8/11,391.94135
3/7/11,391.99741
3/4/11,394.01163
3/3/11,395.19709
3/2/11,392.04674
3/1/11,392.93172
2/28/11,395.09942
2/25/11,390.94912
2/24/11,386.9203
2/23/11,388.0466
2/22/11,389.772
2/21/11,392.77609
2/18/11,397.85168
2/17/11,395.8029
2/16/11,393.86746
2/15/11,391.26499
2/14/11,390.18286
2/11/11,389.39128
2/10/11,390.76643
2/9/11,393.92812
2/8/11,394.31724
2/7/11,391.06946
2/4/11,388.2522
2/3/11,388.9965
2/2/11,392.39269
2/1/11,392.84966
1/31/11,383.58448
1/28/11,381.77658
1/27/11,387.60218
1/26/11,386.5037
1/25/11,382.11242
1/24/11,384.69076
1/21/11,382.03546
1/20/11,376.31039
1/19/11,381.10656
1/18/11,383.0312
1/17/11,377.65777
1/14/11,378.7762
1/13/11,379.33542
1/12/11,373.89906
1/11/11,365.69986
1/10/11,360.38097
1/7/11,363.21835
1/6/11,366.72517
1/5/11,369.75678
1/4/11,373.29793
1/3/11,371.85175
12/31/10,368.64765
12/30/10,367.41163
12/29/10,370.12291
12/28/10,367.28033
12/27/10,366.59126
12/24/10,369.12359
12/23/10,369.50006
12/22/10,368.33361
12/21/10,368.81632
12/20/10,365.29024
12/17/10,363.65815
12/16/10,367.33485
12/15/10,367.09357
12/14/10,372.38418
12/13/10,370.66802
12/10/10,365.34413
12/9/10,364.83465
12/8/10,363.63355
12/7/10,364.32769
12/6/10,360.85399
12/3/10,362.21969
12/2/10,358.63384
12/1/10,350.68872
11/30/10,341.40014
11/29/10,343.53446
11/26/10,353.1117
11/25/10,358.0755
11/24/10,356.05636
11/23/10,353.06627
11/22/10,363.80511
11/19/10,367.84055
11/18/10,369.19784
11/17/10,361.69716
11/16/10,358.67403
11/15/10,370.76367
11/12/10,369.28202
11/11/10,370.50163
11/10/10,372.95922
11/9/10,378.7421
11/8/10,379.04254
11/5/10,382.63459
11/4/10,384.36194
11/3/10,374.20669
11/2/10,375.463
11/1/10,370.32264
10/29/10,370.10994
10/28/10,370.21257
10/27/10,364.8616
10/26/10,370.0312
10/25/10,373.34506
10/22/10,371.39603
10/21/10,373.00876
10/20/10,371.54409
10/19/10,366.34949
10/18/10,373.0027
10/15/10,372.481
10/14/10,373.38667
10/13/10,371.39213
10/12/10,363.98102
10/11/10,365.53216
10/8/10,364.89625
10/7/10,364.24367
10/6/10,365.54518
10/5/10,361.18582
10/4/10,352.87183
10/1/10,356.04148
9/30/10,353.73864
9/29/10,355.77026
9/28/10,356.20617
9/27/10,354.38987
9/24/10,355.64678
9/23/10,348.68509
9/22/10,349.10655
9/21/10,347.90513
9/20/10,348.00278
9/17/10,343.05859
9/16/10,344.46068
9/15/10,345.22855
9/14/10,346.5864
9/13/10,342.68134
9/10/10,336.67193
9/9/10,336.6643
9/8/10,334.47075
9/7/10,330.72643
9/6/10,335.98634
9/3/10,335.47332
9/2/10,330.67694
9/1/10,330.37992
8/31/10,318.88726
8/30/10,318.39553
8/27/10,320.2305
8/26/10,317.1304
8/25/10,313.50941
8/24/10,316.10304
8/23/10,321.48854
8/20/10,320.407
8/19/10,325.57597
8/18/10,331.66
8/17/10,332.75428
8/16/10,328.12656
8/13/10,326.91235
8/12/10,327.53406
8/11/10,328.12971
8/10/10,340.95018
8/9/10,346.94375
8/6/10,343.20469
8/5/10,344.10768
8/4/10,344.91085
8/3/10,346.67917
8/2/10,345.12011
7/30/10,333.18068
7/29/10,335.16245
7/28/10,334.32156
7/27/10,335.15584
7/26/10,334.0503
7/23/10,328.92145
7/22/10,327.9338
7/21/10,319.22659
7/20/10,317.81613
7/19/10,319.00004
7/16/10,320.48369
7/15/10,325.77477
7/14/10,326.42596
7/13/10,325.28649
7/12/10,316.2105
7/9/10,316.28882
7/8/10,314.57844
7/7/10,310.20784
7/6/10,306.80009
7/5/10,296.53637
7/2/10,297.63149
7/1/10,295.17747
6/30/10,298.23732
6/29/10,297.65546
6/28/10,309.12253
6/25/10,306.58822
6/24/10,308.65315
6/23/10,311.81622
6/22/10,316.19144
6/21/10,318.72321
6/18/10,315.82355
6/17/10,314.7768
6/16/10,313.35436
6/15/10,313.55267
6/14/10,309.41201
6/11/10,300.87371
6/10/10,300.21422
6/9/10,294.2538
6/8/10,287.39983
6/7/10,290.08699
6/4/10,293.92506
6/3/10,303.07282
6/2/10,300.76224
6/1/10,301.17938
5/31/10,301.20291
5/28/10,300.76673
5/27/10,302.31565
5/26/10,290.77979
5/25/10,285.19356
5/24/10,295.47803
5/21/10,297.57305
5/20/10,294.13283
5/19/10,300.76251
5/18/10,309.97855
5/17/10,305.67169
5/14/10,308.78609
5/13/10,323.60792
5/12/10,324.75296
5/11/10,322.28341
5/10/10,325.55334
5/7/10,301.33719
5/6/10,314.35308
5/5/10,322.9339
5/4/10,329.87288
5/3/10,343.86035
4/30/10,344.95255
4/29/10,346.62228
4/28/10,339.86966
4/27/10,346.58159
4/26/10,360.3134
4/23/10,357.48706
4/22/10,353.03479
4/21/10,359.58914
4/20/10,362.35528
4/19/10,358.4505
4/16/10,361.71879
4/15/10,369.26677
4/14/10,369.50217
4/13/10,364.96163
4/12/10,365.68314
4/9/10,363.23188
4/8/10,355.4838
4/7/10,358.72866
4/6/10,360.30931
4/1/10,362.99977
3/31/10,356.68928
3/30/10,354.16631
3/29/10,354.64177
3/26/10,352.90726
3/25/10,352.25014
3/24/10,349.89256
3/23/10,353.39276
3/22/10,352.71027
3/19/10,352.38886
3/18/10,356.09396
3/17/10,360.02198
3/16/10,355.59638
3/15/10,350.89188
3/12/10,355.45504
3/11/10,352.1392
3/10/10,352.44595
3/9/10,349.22982
3/8/10,350.34499
3/5/10,349.89949
3/4/10,343.6752
3/3/10,346.4409
3/2/10,340.70855
3/1/10,336.65165
2/26/10,334.33716
2/25/10,329.0254
2/24/10,334.88421
2/23/10,333.61715
2/22/10,339.37643
2/19/10,339.78225
2/18/10,338.656
2/17/10,337.2547
2/16/10,336.14469
2/15/10,329.18054
2/12/10,328.48616
2/11/10,330.65197
2/10/10,331.01034
2/9/10,329.74733
2/8/10,327.18724
2/5/10,323.65798
2/4/10,333.90666
2/3/10,346.96528
2/2/10,350.06664
2/1/10,345.65159
1/29/10,343.00274
1/28/10,341.79355
1/27/10,347.24797
1/26/10,351.71798
1/25/10,351.35518
1/22/10,353.7476
1/21/10,356.3916
1/20/10,361.79308
1/19/10,372.01564
1/18/10,371.71912
1/15/10,368.76072
1/14/10,375.13681
1/13/10,372.69478
1/12/10,371.93047
1/11/10,375.53331
1/8/10,372.99459
1/7/10,369.6165
1/6/10,371.59138
1/5/10,370.69777
1/4/10,371.40247
12/31/09,363.85349
12/30/09,363.00612
12/29/09,364.54292
12/28/09,364.15973
12/24/09,361.58817
12/23/09,361.45131
12/22/09,358.51663
12/21/09,357.18458
12/18/09,352.37175
12/17/09,354.30781
12/16/09,363.90472
12/15/09,358.91556
12/14/09,362.13594
12/11/09,358.50262
12/10/09,358.76219
12/9/09,354.76669
12/8/09,359.20712
12/7/09,368.05222
12/4/09,370.78077
12/3/09,371.56417
12/2/09,371.24079
12/1/09,370.67845
11/30/09,358.18099
11/27/09,362.95386
11/26/09,360.03884
11/25/09,373.94848
11/24/09,369.0856
11/23/09,372.21317
11/20/09,361.7757
11/19/09,366.02122
11/18/09,373.32661
11/17/09,371.68446
11/16/09,375.9041
11/13/09,369.91584
11/12/09,366.70907
11/11/09,368.4383
11/10/09,367.08188
11/9/09,368.75744
11/6/09,357.75715
11/5/09,357.43677
11/4/09,354.91675
11/3/09,344.97414
11/2/09,350.82793
10/30/09,349.14005
10/29/09,358.55811
10/28/09,349.50688
10/27/09,358.26888
10/26/09,359.47098
10/23/09,368.16763
10/22/09,369.49274
10/21/09,374.10895
10/20/09,370.06627
10/19/09,372.6885
10/16/09,365.74229
10/15/09,368.91703
10/14/09,367.90141
10/13/09,358.96638
10/12/09,361.37886
10/9/09,356.91976
10/8/09,360.46161
10/7/09,352.68959
10/6/09,354.99159
10/5/09,345.82463
10/2/09,341.66895
10/1/09,347.14438
9/30/09,355.04882
9/29/09,355.17858
9/28/09,355.46112
9/25/09,350.68302
9/24/09,352.38663
9/23/09,361.60335
9/22/09,360.98158
9/21/09,356.60707
9/18/09,360.62021
9/17/09,362.13615
9/16/09,359.89518
9/15/09,353.2545
9/14/09,352.31194
9/11/09,352.36022
9/10/09,350.86978
9/9/09,349.88316
9/8/09,345.39249
9/7/09,340.04992
9/4/09,334.5692
9/3/09,328.92661
9/2/09,329.44393
9/1/09,329.69851
8/31/09,338.4712
8/28/09,340.30433
8/27/09,335.64043
8/26/09,336.7048
8/25/09,340.61066
8/24/09,339.32067
8/21/09,336.32868
8/20/09,326.92974
8/19/09,322.78183
8/18/09,320.91693
8/17/09,315.78311
8/14/09,325.51683
8/13/09,329.0563
8/12/09,325.1403
8/11/09,320.48896
8/10/09,324.59784
8/7/09,327.12731
8/6/09,326.83984
8/5/09,327.07848
8/4/09,328.67819
8/3/09,329.07378
7/31/09,320.33931
7/30/09,316.94928
7/29/09,309.24522
7/28/09,309.5182
7/27/09,313.76722
7/24/09,312.39271
7/23/09,313.11283
7/22/09,306.97778
7/21/09,304.91986
7/20/09,303.41206
7/17/09,297.76098
7/16/09,296.23838
7/15/09,294.65644
7/14/09,283.99064
7/13/09,280.4172
7/10/09,275.26238
7/9/09,280.17105
7/8/09,274.29135
7/7/09,279.15888
7/6/09,281.02237
7/3/09,285.4467
7/2/09,286.01294
7/1/09,296.61631
6/30/09,289.19115
6/29/09,292.76062
6/26/09,288.11868
6/25/09,285.33697
6/24/09,288.57314
6/23/09,283.95986
6/22/09,280.92075
6/19/09,290.82136
6/18/09,287.29964
6/17/09,283.80135
6/16/09,289.04184
6/15/09,288.13407
6/12/09,300.60444
6/11/09,302.7606
6/10/09,297.68651
6/9/09,294.99481
6/8/09,290.9131
6/5/09,295.46444
6/4/09,296.79804
6/3/09,296.58224
6/2/09,306.17038
6/1/09,303.99874
5/29/09,293.9717
5/28/09,289.41777
5/27/09,292.9328
5/26/09,292.18877
5/25/09,290.5321
5/22/09,290.20732
5/21/09,288.39776
5/20/09,291.34682
5/19/09,286.72403
5/18/09,281.50574
5/15/09,274.7131
5/14/09,274.67506
5/13/09,273.17992
5/12/09,280.50789
5/11/09,280.94174
5/8/09,283.92795
5/7/09,276.34608
5/6/09,276.72901
5/5/09,273.912
5/4/09,272.522
5/1/09,265.77634
4/30/09,264.48381
4/29/09,262.85587
4/28/09,253.78963
4/27/09,257.96528
4/24/09,259.93147
4/23/09,250.33488
4/22/09,250.07476
4/21/09,246.5943
4/20/09,245.57949
4/17/09,256.85554
4/16/09,255.78425
4/15/09,252.05796
4/14/09,253.63472
4/9/09,247.20487
4/8/09,244.69139
4/7/09,243.45142
4/6/09,247.72839
4/3/09,250.24971
4/2/09,253.64752
4/1/09,236.78453
3/31/09,233.43893
3/30/09,224.39743
3/27/09,235.6361
3/26/09,242.51057
3/25/09,242.60509
3/24/09,240.4944
3/23/09,242.03271
3/20/09,234.36364
3/19/09,234.39631
3/18/09,224.0542
3/17/09,223.44134
3/16/09,225.11236
3/13/09,217.47216
3/12/09,214.8735
3/11/09,212.52122
3/10/09,210.64131
3/9/09,199.67408
3/6/09,202.20755
3/5/09,202.68234
3/4/09,211.41911
3/3/09,202.82051
3/2/09,206.70583
2/27/09,219.88507
2/26/09,224.64896
2/25/09,219.62633
2/24/09,220.89779
2/23/09,223.30193
2/20/09,225.81576
2/19/09,232.52018
2/18/09,230.37927
2/17/09,231.55723
2/16/09,240.98819
2/13/09,246.35576
2/12/09,244.47674
2/11/09,248.30724
2/10/09,251.19072
2/9/09,260.31123
2/6/09,256.08385
2/5/09,250.34095
2/4/09,250.18988
2/3/09,245.55634
2/2/09,239.71931
1/30/09,245.2716
1/29/09,247.37831
1/28/09,257.86264
1/27/09,248.15492
1/26/09,247.22368
1/23/09,235.75883
1/22/09,237.13816
1/21/09,237.44034
1/20/09,240.22152
1/19/09,249.349
1/16/09,255.40186
1/15/09,249.68714
1/14/09,254.04836
1/13/09,266.23153
1/12/09,274.31564
1/9/09,280.03745
1/8/09,286.05665
1/7/09,287.40965
1/6/09,287.31064
1/5/09,283.40102
1/2/09,283.95405
12/31/08,276.76878
,
,
,
,
,
,
,
,
,
,
,